TAZ,Poly,Area,Weight,GenEdge,PedEdge
-1897,-166939,967,0.010431611991499369,-165871#1,-165871#1
-1897,-168836,335,0.0036138469670654485,-168643#0,-168643#0
-1897,-168459,260,0.0028047767505582585,-169556,-169556
-1897,-166049,795,0.008576144294976213,--166674,--166674
-1897,-166631,406,0.004379766772025588,--167915#12,--167915#12
-1897,-165210,284,0.003063679219840559,-169556,-169556
-1897,-166505,901,0.009719630200973042,--166996#1,--166996#1
-1897,-168700,1217,0.013128512713190002,--167501#2,--167501#2
-1897,-166972,448,0.004832846093269614,--165806#2,--165806#2
-1897,-167065,264,0.0028479271621053084,-168038#1,-168038#1
-1897,-165722,391,0.00421795272872415,-168264#1,-168264#1
-1897,-169167,261,0.002815564353445021,-165641#1,-165641#1
-1897,-169420,105,0.0011326983031100658,--167237,--167237
-1897,-167010,356,0.0038403866276874614,--167915#12,--167915#12
-1897,-168663,345,0.0037217229959330736,--166473,--166473
-1897,-167994,293,0.003160767645821422,--165282#1,--165282#1
-1897,-167810,938,0.010118771507783255,-167059#1,-167059#1
-1897,-168589,272,0.002934227985199409,-168668,-168668
-1897,-168683,807,0.008705595529617364,-168320#0,-168320#0
-1897,-165810,423,0.0045631560211005515,-169072#0,-169072#0
-1897,-165432,733,0.007907312915996936,--165716#0,--165716#0
-1897,-168101,745,0.008036764150638087,-168806#2,-168806#2
-1897,-165491,113,0.0012189991262041662,--166244#0,--166244#0
-1897,-166425,352,0.0037972362161404114,-166674,-166674
-1897,-166029,160,0.0017260164618820052,--167237,--167237
-1897,-168291,195,0.002103582562918694,--165508,--165508
-1897,-169501,273,0.0029450155880861714,-166168,-166168
-1897,-166537,332,0.0035814841584051607,--168909#9,--168909#9
-1897,-166729,735,0.007928888121770462,-165935#1,-165935#1
-1897,-167436,1615,0.01742197866212149,-169149#1,-165473#1
-1897,-167262,117,0.0012621495377512163,--165974#0,--165974#0
-1897,-169239,289,0.003117617234274372,--169215,--169215
-1897,-167721,475,0.005124111371212203,-167477#0,-167477#0
-1897,-167506,168,0.0018123172849761054,-167066#3,-167066#3
-1897,-165411,50,0.0005393801443381266,--168716#4,--168716#4
-1897,-167750,313,0.0033765197035566727,-169400#0,-169400#0
-1897,-166487,291,0.003139192440047897,--167066#2,--167066#2
-1897,-166663,145,0.0015642024185805671,-165508,-165508
-1897,-168882,45,0.00048544212990431397,-166460#0,-166460#0
-1897,-166149,282,0.0030421040140670343,-167822#12,-167822#12
-1897,-167901,488,0.005264350208740116,-168085,-168085
-1897,-168062,720,0.0077670740784690235,--168425,--168425
-1897,-169476,31,0.0003344156894896385,--169412#0,--169412#0
-1897,-168535,64,0.0006904065847528021,--166167#0,--166167#0
-1897,-165448,354,0.0038188114219139366,-167360,-167360
-1897,-165561,265,0.002858714764992071,--167961#0,--167961#0
-1897,-168437,254,0.0027400511332376833,-167487#0,-167487#0
-1897,-168172,244,0.002632175104370058,-168501#1,-168501#1
-1897,-165920,28,0.0003020528808293509,--168142,--168142
-1897,-166038,64,0.0006904065847528021,-167460#3,-167460#3
-1897,-166289,30,0.000323628086602876,-169412#5,-169412#5
-1897,-165347,260,0.0028047767505582585,--169331#1,--169331#1
-1897,-169040,324,0.0034951833353110604,--168909#9,--168909#9
-1897,-165659,882,0.009514665746124553,--166704#6,--166704#6
-1897,-165350,40,0.0004315041154705013,--166213,--166213
-1897,-166655,97,0.0010463974800159657,-165641#1,-165641#1
-1897,-168514,330,0.0035599089526316356,-167940#0,-167222
-1897,-165189,478,0.0051564741798724905,-166460#3,-166460#3
-1897,-166943,315,0.003398094909330198,-167989#0,-167989#0
-1897,-166181,589,0.0063538981003031314,--167059#1,--167059#1
-1897,-168571,3976,0.04289150907776783,--167850#1,-169064
-1897,-168036,267,0.0028802899707655962,--166238#1,--166238#1
-1897,-167502,233,0.00251351147261567,-167066#1,-167066#1
-1897,-165231,1714,0.018489951347910982,-166625#1,-166625#1
-1897,-167943,73,0.0007874950107336649,-167772#0,-167772#0
-1897,-166042,585,0.006310747688756082,--166238#0,--166238#0
-1897,-166463,359,0.003872749436347749,-167005#0,-167005#0
-1897,-167819,78,0.0008414330251674775,-167940#3,-167940#3
-1897,-168842,606,0.006537287349378094,--166530#0,--166530#0
-1897,-169220,93,0.0010032470684689155,-168141#3,-168141#3
-1897,-166119,275,0.0029665907938596966,-168861,-168861
-1897,-166748,426,0.004595518829760839,--167580#2,--167580#2
-1897,-168100,454,0.00489757171059019,-168542,-168542
-1897,-169276,309,0.0033333692920096227,--168501#1,--168501#1
-1897,-166728,323,0.003484395732424298,-168577#10,-169358
-1897,-167026,290,0.0031284048371611342,-166954#0,-166954#0
-1897,-165509,381,0.004110076699856525,-167915#12,-167915#12
-1897,-166313,357,0.003851174230574224,--169444#2,--169444#2
-1897,-168541,35,0.00037756610103668864,-169412#3,-169412#3
-1897,-167091,420,0.004530793212440263,--167360,--167360
-1897,-165838,873,0.009417577320143691,--166345#2,--166345#2
-1897,-167305,731,0.007885737710223412,-166996#9,-166996#9
-1897,-168705,392,0.004228740331610913,--168768,--168768
-1897,-167636,277,0.0029881659996332213,-167850#2,-167850#2
-1897,-168375,438,0.004724970064401989,-166199#0,-166199#0
-1897,-169204,715,0.007713136064035211,--167645,--167645
-1897,-165828,741,0.007993613739091037,-168281#0,-168281#0
-1897,-166230,832,0.008975285601786427,-169072#0,-169072#0
-1897,-165276,164,0.0017691668734290554,--169149#1,-168490
-1897,-167592,2726,0.029407005469314663,--167865#0,--167865#0
-1897,-165208,793,0.008554569089202688,-169015#1,-168787#1
-1897,-165311,914,0.009859869038500954,-168643#3,-168643#3
-1897,-166358,273,0.0029450155880861714,--167487#1,--167487#1
-1897,-166368,1433,0.01545863493673071,--167477#0,--167477#0
-1897,-167157,6636,0.07158653275655616,-168668,-168668
-1897,-168991,221,0.0023840602379745198,-168141#11,-168141#11
-1897,-167118,58,0.0006256809674322269,--167898#4,--167898#4
-1897,-169541,577,0.006224446865661981,-165853#0,-169437
-1897,-168486,1159,0.012502831745757776,-167267#2,-167267#2
-1897,-166216,304,0.0032794312775758097,-167367,-167367
-1897,-167403,928,0.01001089547891563,--168909#2,--168909#2
-1897,-169374,687,0.00741108318320586,-168806#1,-168806#1
-1897,-168356,544,0.005868455970398818,-165853#1,--169437
-1897,-165840,799,0.008619294706523263,--168281#0,--168281#0
-1897,-165781,633,0.006828552627320683,-166341,-166341
-1897,-165536,1981,0.021370241318676576,-169094#0,-169094#0
-1897,-166521,100,0.0010787602886762533,--165625#1,--165737
-1897,-165754,674,0.007270844345677947,-168119,-168119
-1897,-167683,475,0.005124111371212203,--166935#1,--166935#1
-1897,-167197,667,0.007195331125470609,--166168,--166168
-1897,-165497,502,0.005415376649154791,-167850#0,--165473#0
-1897,-169080,284,0.003063679219840559,--167373,--167373
-1897,-166253,748,0.008069126959298374,-167037#1,-167037#1
-1897,-167575,281,0.0030313164111802717,--166704#1,-166179#1
-1897,-169037,56,0.0006041057616587018,--169412#5,--169412#5
-1897,-168657,969,0.010453187197272893,-165686#1,-165686#1
-1897,-168455,430,0.004638669241307889,-168293,-168293
-1897,-165454,346,0.0037325105988198362,--167059#0,--167059#0
-1897,-166086,1218,0.013139300316076765,-167850#0,-165473#0
-1897,-168386,248,0.002675325515917108,--166166#3,--166166#3
-1897,-166112,339,0.0036569973786124985,-165767,-165767
-1897,-168303,285,0.0030744668227273217,--165541,--165541
-1897,-168073,271,0.002923440382312646,--165237#1,--165237#1
-1897,-168024,725,0.007821012092902837,--166508,--166508
-1897,-165922,319,0.003441245320877248,-166530#1,-166530#1
-1897,-166476,44,0.0004746545270175514,--167766#0,--167766#0
-1897,-169173,511,0.005512465075135654,-168668,-168668
-1897,-165505,262,0.0028263519563317837,--168111,--168111
-1897,-167655,499,0.005383013840494504,-168731#1,-168731#1
-1897,-165544,715,0.007713136064035211,--168779,--168779
-1897,-167387,594,0.006407836114736944,-168476#1,-168476#1
-1897,-169299,292,0.0031499800429346594,-168746#1,-168746#1
-1897,-168728,147,0.0015857776243540923,-166623#2,-165399
-1897,-169194,357,0.003851174230574224,--167360,--167360
-1897,-168667,234,0.0025242990755024327,--165563#1,--165563#1
-1897,-166403,78,0.0008414330251674775,-167940#3,-167940#3
-1897,-167800,311,0.0033549444977831475,--168812#0,--168812#0
-1897,-168527,264,0.0028479271621053084,-166530#3,-166530#3
-1897,-168234,339,0.0036569973786124985,--167180#0,--167180#0
-1897,-168600,1432,0.015447847333843946,-169094#0,-169094#0
-1897,-167380,1150,0.012405743319776912,-169412#2,-168685
-1897,-167328,1552,0.01674235968025545,-169094#2,-169094#2
-1897,-165801,176,0.0018986181080702057,-167066#4,-167066#4
-1897,-169506,155,0.0016720784474481924,-165641#2,-165641#2
-1897,-168432,283,0.0030528916169537965,--168542,--168542
-1897,-168575,60,0.000647256173205752,--165647,--165647
-1897,-169568,211,0.0022761842091068942,-165641#2,-165641#2
-1897,-165506,77,0.000830645422280715,-166529,-166529
-1897,-168485,292,0.0031499800429346594,-167477#0,-167477#0
-1897,-166525,518,0.005587978295342992,-167890,-167890
-1897,-167002,1029,0.011100443370478646,-167822#2,-167822#2
-1897,-167194,9619,0.1037659521677688,-168715#4,-168715#4
-1897,-167348,491,0.005296713017400404,-165481#0,-165481#0
-1897,-168368,1400,0.015102644041467545,--166625#1,--166625#1
-1897,-169531,234,0.0025242990755024327,-168501#1,-168501#1
